name,sequence,barcode_type,barcode_sequence
BC1_#01,GTGCGAACTCAGACCAACGTGATATCCACGTGCTTGAG,BC1,AACGTGAT
BC1_#02,GTGCGAACTCAGACCAAACATCGATCCACGTGCTTGAG,BC1,AAACATCG
BC1_#03,GTGCGAACTCAGACCACCACTGTATCCACGTGCTTGAG,BC1,ACCACTGT
BC1_#04,GTGCGAACTCAGACCCATCAAGTATCCACGTGCTTGAG,BC1,CATCAAGT
BC1_#05,GTGCGAACTCAGACCCTGTAGCCATCCACGTGCTTGAG,BC1,CTGTAGCC
BC1_#06,GTGCGAACTCAGACCAACCGAGAATCCACGTGCTTGAG,BC1,AACCGAGA
BC1_#07,GTGCGAACTCAGACCAAGGTACAATCCACGTGCTTGAG,BC1,AAGGTACA
BC1_#08,GTGCGAACTCAGACCACAGCAGAATCCACGTGCTTGAG,BC1,ACAGCAGA
BC1_#09,GTGCGAACTCAGACCACCTCCAAATCCACGTGCTTGAG,BC1,ACCTCCAA
BC1_#10,GTGCGAACTCAGACCACGCTCGAATCCACGTGCTTGAG,BC1,ACGCTCGA
BC1_#11,GTGCGAACTCAGACCACTATGCAATCCACGTGCTTGAG,BC1,ACTATGCA
BC1_#12,GTGCGAACTCAGACCAGAGTCAAATCCACGTGCTTGAG,BC1,AGAGTCAA
BC1_#13,GTGCGAACTCAGACCAGATCGCAATCCACGTGCTTGAG,BC1,AGATCGCA
BC1_#14,GTGCGAACTCAGACCCAATGGAAATCCACGTGCTTGAG,BC1,CAATGGAA
BC1_#15,GTGCGAACTCAGACCCAGCGTTAATCCACGTGCTTGAG,BC1,CAGCGTTA
BC1_#16,GTGCGAACTCAGACCCATACCAAATCCACGTGCTTGAG,BC1,CATACCAA
BC1_#17,GTGCGAACTCAGACCCCAGTTCAATCCACGTGCTTGAG,BC1,CCAGTTCA
BC1_#18,GTGCGAACTCAGACCCGAACTTAATCCACGTGCTTGAG,BC1,CGAACTTA
BC1_#19,GTGCGAACTCAGACCCGACTGGAATCCACGTGCTTGAG,BC1,CGACTGGA
BC1_#20,GTGCGAACTCAGACCCTCAATGAATCCACGTGCTTGAG,BC1,CTCAATGA
BC1_#21,GTGCGAACTCAGACCCTGAGCCAATCCACGTGCTTGAG,BC1,CTGAGCCA
BC1_#22,GTGCGAACTCAGACCGAATCTGAATCCACGTGCTTGAG,BC1,GAATCTGA
BC1_#23,GTGCGAACTCAGACCGAGCTGAAATCCACGTGCTTGAG,BC1,GAGCTGAA
BC1_#24,GTGCGAACTCAGACCGATAGACAATCCACGTGCTTGAG,BC1,GATAGACA
BC1_#25,GTGCGAACTCAGACCGCTAACGAATCCACGTGCTTGAG,BC1,GCTAACGA
BC1_#26,GTGCGAACTCAGACCGCTCGGTAATCCACGTGCTTGAG,BC1,GCTCGGTA
BC1_#27,GTGCGAACTCAGACCGGAGAACAATCCACGTGCTTGAG,BC1,GGAGAACA
BC1_#28,GTGCGAACTCAGACCGGTGCGAAATCCACGTGCTTGAG,BC1,GGTGCGAA
BC1_#29,GTGCGAACTCAGACCGTACGCAAATCCACGTGCTTGAG,BC1,GTACGCAA
BC1_#30,GTGCGAACTCAGACCGTCGTAGAATCCACGTGCTTGAG,BC1,GTCGTAGA
BC1_#31,GTGCGAACTCAGACCGTGTTCTAATCCACGTGCTTGAG,BC1,GTGTTCTA
BC1_#32,GTGCGAACTCAGACCTCTTCACAATCCACGTGCTTGAG,BC1,TCTTCACA
BC1_#33,GTGCGAACTCAGACCTGGAACAAATCCACGTGCTTGAG,BC1,TGGAACAA
BC1_#34,GTGCGAACTCAGACCTGGCTTCAATCCACGTGCTTGAG,BC1,TGGCTTCA
BC1_#35,GTGCGAACTCAGACCTGGTGGTAATCCACGTGCTTGAG,BC1,TGGTGGTA
BC1_#36,GTGCGAACTCAGACCTTCACGCAATCCACGTGCTTGAG,BC1,TTCACGCA
BC1_#37,GTGCGAACTCAGACCAACTCACCATCCACGTGCTTGAG,BC1,AACTCACC
BC1_#38,GTGCGAACTCAGACCAAGAGATCATCCACGTGCTTGAG,BC1,AAGAGATC
BC1_#39,GTGCGAACTCAGACCAAGGACACATCCACGTGCTTGAG,BC1,AAGGACAC
BC1_#40,GTGCGAACTCAGACCAATCCGTCATCCACGTGCTTGAG,BC1,AATCCGTC
BC1_#41,GTGCGAACTCAGACCACACGACCATCCACGTGCTTGAG,BC1,ACACGACC
BC1_#42,GTGCGAACTCAGACCAGCCATGCATCCACGTGCTTGAG,BC1,AGCCATGC
BC1_#43,GTGCGAACTCAGACCATCATTCCATCCACGTGCTTGAG,BC1,ATCATTCC
BC1_#44,GTGCGAACTCAGACCCACCTTACATCCACGTGCTTGAG,BC1,CACCTTAC
BC1_#45,GTGCGAACTCAGACCCCTAATCCATCCACGTGCTTGAG,BC1,CCTAATCC
BC1_#46,GTGCGAACTCAGACCCCTCTATCATCCACGTGCTTGAG,BC1,CCTCTATC
BC1_#47,GTGCGAACTCAGACCGAACAGGCATCCACGTGCTTGAG,BC1,GAACAGGC
BC1_#48,GTGCGAACTCAGACCGATGAATCATCCACGTGCTTGAG,BC1,GATGAATC
BC2_#01,CATCGGCGTACGACTAACGTGATGGATTCGAGGAGCGT,BC2,AACGTGAT
BC2_#02,CATCGGCGTACGACTAAACATCGGGATTCGAGGAGCGT,BC2,AAACATCG
BC2_#03,CATCGGCGTACGACTACCACTGTGGATTCGAGGAGCGT,BC2,ACCACTGT
BC2_#04,CATCGGCGTACGACTCATCAAGTGGATTCGAGGAGCGT,BC2,CATCAAGT
BC2_#05,CATCGGCGTACGACTCTGTAGCCGGATTCGAGGAGCGT,BC2,CTGTAGCC
BC2_#06,CATCGGCGTACGACTAACCGAGAGGATTCGAGGAGCGT,BC2,AACCGAGA
BC2_#07,CATCGGCGTACGACTAAGGTACAGGATTCGAGGAGCGT,BC2,AAGGTACA
BC2_#08,CATCGGCGTACGACTACAGCAGAGGATTCGAGGAGCGT,BC2,ACAGCAGA
BC2_#09,CATCGGCGTACGACTACCTCCAAGGATTCGAGGAGCGT,BC2,ACCTCCAA
BC2_#10,CATCGGCGTACGACTACGCTCGAGGATTCGAGGAGCGT,BC2,ACGCTCGA
BC2_#11,CATCGGCGTACGACTACTATGCAGGATTCGAGGAGCGT,BC2,ACTATGCA
BC2_#12,CATCGGCGTACGACTAGAGTCAAGGATTCGAGGAGCGT,BC2,AGAGTCAA
BC2_#13,CATCGGCGTACGACTAGATCGCAGGATTCGAGGAGCGT,BC2,AGATCGCA
BC2_#14,CATCGGCGTACGACTCAATGGAAGGATTCGAGGAGCGT,BC2,CAATGGAA
BC2_#15,CATCGGCGTACGACTCAGCGTTAGGATTCGAGGAGCGT,BC2,CAGCGTTA
BC2_#16,CATCGGCGTACGACTCATACCAAGGATTCGAGGAGCGT,BC2,CATACCAA
BC2_#17,CATCGGCGTACGACTCCAGTTCAGGATTCGAGGAGCGT,BC2,CCAGTTCA
BC2_#18,CATCGGCGTACGACTCGAACTTAGGATTCGAGGAGCGT,BC2,CGAACTTA
BC2_#19,CATCGGCGTACGACTCGACTGGAGGATTCGAGGAGCGT,BC2,CGACTGGA
BC2_#20,CATCGGCGTACGACTCTCAATGAGGATTCGAGGAGCGT,BC2,CTCAATGA
BC2_#21,CATCGGCGTACGACTCTGAGCCAGGATTCGAGGAGCGT,BC2,CTGAGCCA
BC2_#22,CATCGGCGTACGACTGAATCTGAGGATTCGAGGAGCGT,BC2,GAATCTGA
BC2_#23,CATCGGCGTACGACTGAGCTGAAGGATTCGAGGAGCGT,BC2,GAGCTGAA
BC2_#24,CATCGGCGTACGACTGATAGACAGGATTCGAGGAGCGT,BC2,GATAGACA
BC2_#25,CATCGGCGTACGACTGCTAACGAGGATTCGAGGAGCGT,BC2,GCTAACGA
BC2_#26,CATCGGCGTACGACTGCTCGGTAGGATTCGAGGAGCGT,BC2,GCTCGGTA
BC2_#27,CATCGGCGTACGACTGGAGAACAGGATTCGAGGAGCGT,BC2,GGAGAACA
BC2_#28,CATCGGCGTACGACTGGTGCGAAGGATTCGAGGAGCGT,BC2,GGTGCGAA
BC2_#29,CATCGGCGTACGACTGTACGCAAGGATTCGAGGAGCGT,BC2,GTACGCAA
BC2_#30,CATCGGCGTACGACTGTCGTAGAGGATTCGAGGAGCGT,BC2,GTCGTAGA
BC2_#31,CATCGGCGTACGACTGTGTTCTAGGATTCGAGGAGCGT,BC2,GTGTTCTA
BC2_#32,CATCGGCGTACGACTTCTTCACAGGATTCGAGGAGCGT,BC2,TCTTCACA
BC2_#33,CATCGGCGTACGACTTGGAACAAGGATTCGAGGAGCGT,BC2,TGGAACAA
BC2_#34,CATCGGCGTACGACTTGGCTTCAGGATTCGAGGAGCGT,BC2,TGGCTTCA
BC2_#35,CATCGGCGTACGACTTGGTGGTAGGATTCGAGGAGCGT,BC2,TGGTGGTA
BC2_#36,CATCGGCGTACGACTTTCACGCAGGATTCGAGGAGCGT,BC2,TTCACGCA
BC2_#37,CATCGGCGTACGACTAACTCACCGGATTCGAGGAGCGT,BC2,AACTCACC
BC2_#38,CATCGGCGTACGACTAAGAGATCGGATTCGAGGAGCGT,BC2,AAGAGATC
BC2_#39,CATCGGCGTACGACTAAGGACACGGATTCGAGGAGCGT,BC2,AAGGACAC
BC2_#40,CATCGGCGTACGACTAATCCGTCGGATTCGAGGAGCGT,BC2,AATCCGTC
BC2_#41,CATCGGCGTACGACTACACGACCGGATTCGAGGAGCGT,BC2,ACACGACC
BC2_#42,CATCGGCGTACGACTAGCCATGCGGATTCGAGGAGCGT,BC2,AGCCATGC
BC2_#43,CATCGGCGTACGACTATCATTCCGGATTCGAGGAGCGT,BC2,ATCATTCC
BC2_#44,CATCGGCGTACGACTCACCTTACGGATTCGAGGAGCGT,BC2,CACCTTAC
BC2_#45,CATCGGCGTACGACTCCTAATCCGGATTCGAGGAGCGT,BC2,CCTAATCC
BC2_#46,CATCGGCGTACGACTCCTCTATCGGATTCGAGGAGCGT,BC2,CCTCTATC
BC2_#47,CATCGGCGTACGACTGAACAGGCGGATTCGAGGAGCGT,BC2,GAACAGGC
BC2_#48,CATCGGCGTACGACTGATGAATCGGATTCGAGGAGCGT,BC2,GATGAATC
BC3_#01,CAGACGTGTGCTCTTCCGATCTAACGTGATGTGGCCGATGTTTCG,BC3,AACGTGAT
BC3_#02,CAGACGTGTGCTCTTCCGATCTAAACATCGGTGGCCGATGTTTCG,BC3,AAACATCG
BC3_#03,CAGACGTGTGCTCTTCCGATCTACCACTGTGTGGCCGATGTTTCG,BC3,ACCACTGT
BC3_#04,CAGACGTGTGCTCTTCCGATCTCATCAAGTGTGGCCGATGTTTCG,BC3,CATCAAGT
BC3_#05,CAGACGTGTGCTCTTCCGATCTCTGTAGCCGTGGCCGATGTTTCG,BC3,CTGTAGCC
BC3_#06,CAGACGTGTGCTCTTCCGATCTAACCGAGAGTGGCCGATGTTTCG,BC3,AACCGAGA
BC3_#07,CAGACGTGTGCTCTTCCGATCTAAGGTACAGTGGCCGATGTTTCG,BC3,AAGGTACA
BC3_#08,CAGACGTGTGCTCTTCCGATCTACAGCAGAGTGGCCGATGTTTCG,BC3,ACAGCAGA
BC3_#09,CAGACGTGTGCTCTTCCGATCTACCTCCAAGTGGCCGATGTTTCG,BC3,ACCTCCAA
BC3_#10,CAGACGTGTGCTCTTCCGATCTACGCTCGAGTGGCCGATGTTTCG,BC3,ACGCTCGA
BC3_#11,CAGACGTGTGCTCTTCCGATCTACTATGCAGTGGCCGATGTTTCG,BC3,ACTATGCA
BC3_#12,CAGACGTGTGCTCTTCCGATCTAGAGTCAAGTGGCCGATGTTTCG,BC3,AGAGTCAA
BC3_#13,CAGACGTGTGCTCTTCCGATCTAGATCGCAGTGGCCGATGTTTCG,BC3,AGATCGCA
BC3_#14,CAGACGTGTGCTCTTCCGATCTCAATGGAAGTGGCCGATGTTTCG,BC3,CAATGGAA
BC3_#15,CAGACGTGTGCTCTTCCGATCTCAGCGTTAGTGGCCGATGTTTCG,BC3,CAGCGTTA
BC3_#16,CAGACGTGTGCTCTTCCGATCTCATACCAAGTGGCCGATGTTTCG,BC3,CATACCAA
BC3_#17,CAGACGTGTGCTCTTCCGATCTCCAGTTCAGTGGCCGATGTTTCG,BC3,CCAGTTCA
BC3_#18,CAGACGTGTGCTCTTCCGATCTCGAACTTAGTGGCCGATGTTTCG,BC3,CGAACTTA
BC3_#19,CAGACGTGTGCTCTTCCGATCTCGACTGGAGTGGCCGATGTTTCG,BC3,CGACTGGA
BC3_#20,CAGACGTGTGCTCTTCCGATCTCTCAATGAGTGGCCGATGTTTCG,BC3,CTCAATGA
BC3_#21,CAGACGTGTGCTCTTCCGATCTCTGAGCCAGTGGCCGATGTTTCG,BC3,CTGAGCCA
BC3_#22,CAGACGTGTGCTCTTCCGATCTGAATCTGAGTGGCCGATGTTTCG,BC3,GAATCTGA
BC3_#23,CAGACGTGTGCTCTTCCGATCTGAGCTGAAGTGGCCGATGTTTCG,BC3,GAGCTGAA
BC3_#24,CAGACGTGTGCTCTTCCGATCTGATAGACAGTGGCCGATGTTTCG,BC3,GATAGACA
BC3_#25,CAGACGTGTGCTCTTCCGATCTGCTAACGAGTGGCCGATGTTTCG,BC3,GCTAACGA
BC3_#26,CAGACGTGTGCTCTTCCGATCTGCTCGGTAGTGGCCGATGTTTCG,BC3,GCTCGGTA
BC3_#27,CAGACGTGTGCTCTTCCGATCTGGAGAACAGTGGCCGATGTTTCG,BC3,GGAGAACA
BC3_#28,CAGACGTGTGCTCTTCCGATCTGGTGCGAAGTGGCCGATGTTTCG,BC3,GGTGCGAA
BC3_#29,CAGACGTGTGCTCTTCCGATCTGTACGCAAGTGGCCGATGTTTCG,BC3,GTACGCAA
BC3_#30,CAGACGTGTGCTCTTCCGATCTGTCGTAGAGTGGCCGATGTTTCG,BC3,GTCGTAGA
BC3_#31,CAGACGTGTGCTCTTCCGATCTGTGTTCTAGTGGCCGATGTTTCG,BC3,GTGTTCTA
BC3_#32,CAGACGTGTGCTCTTCCGATCTTCTTCACAGTGGCCGATGTTTCG,BC3,TCTTCACA
BC3_#33,CAGACGTGTGCTCTTCCGATCTTGGAACAAGTGGCCGATGTTTCG,BC3,TGGAACAA
BC3_#34,CAGACGTGTGCTCTTCCGATCTTGGCTTCAGTGGCCGATGTTTCG,BC3,TGGCTTCA
BC3_#35,CAGACGTGTGCTCTTCCGATCTTGGTGGTAGTGGCCGATGTTTCG,BC3,TGGTGGTA
BC3_#36,CAGACGTGTGCTCTTCCGATCTTTCACGCAGTGGCCGATGTTTCG,BC3,TTCACGCA
BC3_#37,CAGACGTGTGCTCTTCCGATCTAACTCACCGTGGCCGATGTTTCG,BC3,AACTCACC
BC3_#38,CAGACGTGTGCTCTTCCGATCTAAGAGATCGTGGCCGATGTTTCG,BC3,AAGAGATC
BC3_#39,CAGACGTGTGCTCTTCCGATCTAAGGACACGTGGCCGATGTTTCG,BC3,AAGGACAC
BC3_#40,CAGACGTGTGCTCTTCCGATCTAATCCGTCGTGGCCGATGTTTCG,BC3,AATCCGTC
BC3_#41,CAGACGTGTGCTCTTCCGATCTACACGACCGTGGCCGATGTTTCG,BC3,ACACGACC
BC3_#42,CAGACGTGTGCTCTTCCGATCTAGCCATGCGTGGCCGATGTTTCG,BC3,AGCCATGC
BC3_#43,CAGACGTGTGCTCTTCCGATCTATCATTCCGTGGCCGATGTTTCG,BC3,ATCATTCC
BC3_#44,CAGACGTGTGCTCTTCCGATCTCACCTTACGTGGCCGATGTTTCG,BC3,CACCTTAC
BC3_#45,CAGACGTGTGCTCTTCCGATCTCCTAATCCGTGGCCGATGTTTCG,BC3,CCTAATCC
BC3_#46,CAGACGTGTGCTCTTCCGATCTCCTCTATCGTGGCCGATGTTTCG,BC3,CCTCTATC
BC3_#47,CAGACGTGTGCTCTTCCGATCTGAACAGGCGTGGCCGATGTTTCG,BC3,GAACAGGC
BC3_#48,CAGACGTGTGCTCTTCCGATCTGATGAATCGTGGCCGATGTTTCG,BC3,GATGAATC
DNA_1,AGGCCAGAGCATTCGAATGGNNNNNNNUAGATGTGTATAAGAGACAG,BC4,AATGG
DNA_2,AGGCCAGAGCATTCGTGAGANNNNNNNUAGATGTGTATAAGAGACAG,BC4,TGAGA
DNA_3,AGGCCAGAGCATTCGCCATANNNNNNNUAGATGTGTATAAGAGACAG,BC4,CCATA
DNA_4,AGGCCAGAGCATTCGGGTGTNNNNNNNUAGATGTGTATAAGAGACAG,BC4,GGTGT
RNA_1,AGGCCAGAGCATTCGAGCAANNNNNNNNTTTTTTTTTTTTTTTVN,BC4,AGCAA
RNA_2,AGGCCAGAGCATTCGCCTAANNNNNNNNTTTTTTTTTTTTTTTVN,BC4,CCTAA
RNA_3,AGGCCAGAGCATTCGGTCGANNNNNNNNTTTTTTTTTTTTTTTVN,BC4,GTCGA
RNA_4,AGGCCAGAGCATTCGTGTGANNNNNNNNTTTTTTTTTTTTTTTVN,BC4,TGTGA
